{
  "project_info": {
    "project_number": "175398149775",
    "project_id": "college-a2002",
    "storage_bucket": "college-a2002.appspot.com"
  },
  "client": [
    {
      "client_info": {
        "mobilesdk_app_id": "1:175398149775:android:4b55b8ef70992106e99afa",
        "android_client_info": {
          "package_name": "com.example.college"
        }
      },
      "oauth_client": [
        {
          "client_id": "175398149775-at5hvmsrr3dvc94mn9p4j5pcbob6db64.apps.googleusercontent.com",
          "client_type": 3
        }
      ],
      "api_key": [
        {
          "current_key": "AIzaSyCSzHzFBhlSPWyOLAYH_yFybc0HdANs5Ao"
        }
      ],
      "services": {
        "appinvite_service": {
          "other_platform_oauth_client": [
            {
              "client_id": "175398149775-at5hvmsrr3dvc94mn9p4j5pcbob6db64.apps.googleusercontent.com",
              "client_type": 3
            }
          ]
        }
      }
    }
  ],
  "configuration_version": "1"
}